name,link
Graduate Homepage,https://graduate.northeastern.edu
PhDs,https://phd.northeastern.edu/program/
Professional Doctorates,https://graduate.northeastern.edu/programs/#/professional-doctorates/-/-/-/-/-/-
Master's,https://graduate.northeastern.edu/programs/#/master/-/-/-/-/-/-
Certificates,https://graduate.northeastern.edu/programs/#/certificate/-/-/-/-/-/-
Dual Degrees,https://graduate.northeastern.edu/programs/#/dual-degree/-/-/-/-/-/-
All Programs,https://graduate.northeastern.edu/programs/
Analytics,https://graduate.northeastern.edu/analytics/
Architecture,https://graduate.northeastern.edu/programs/#/-/architecture/-/-/-/-/-
Art & Music Administration,https://graduate.northeastern.edu/programs/#/-/art-music/-/-/-/-/-
Business,https://graduate.northeastern.edu/programs/#/-/business/-/-/-/-/-
Communication & Journalism,https://graduate.northeastern.edu/programs/#/-/com-journal/-/-/-/-/-
Computing & IT,https://graduate.northeastern.edu/programs/#/-/computing-it/-/-/-/-/-
Digital Media & Design,https://graduate.northeastern.edu/programs/#/-/digital-media-game/-/-/-/-/-
Education & Learning,https://graduate.northeastern.edu/programs/#/-/education-learning/-/-/-/-/-
Engineering,https://graduate.northeastern.edu/programs/#/-/engineering/-/-/-/-/-
Humanities & Social Sciences,https://graduate.northeastern.edu/programs/#/-/humanities-social/-/-/-/-/-
Law & Criminology,https://graduate.northeastern.edu/programs/#/-/law-criminology/-/-/-/-/-
Leadership,https://graduate.northeastern.edu/programs/#/-/leadership/-/-/-/-/-
Management,https://graduate.northeastern.edu/programs/#/-/management/-/-/-/-/-
Nursing & Healthcare,https://graduate.northeastern.edu/programs/#/-/nursing-healthcare/-/-/-/-/-
Pharmacy & Pharmaceutical Sciences,https://graduate.northeastern.edu/programs/#/-/pharma-science-reg-affair/-/-/-/-/-
Political Science & Security,https://graduate.northeastern.edu/programs/#/-/political-sci-security/-/-/-/-/-
Psychology & Mental Health,https://graduate.northeastern.edu/programs/#/-/psychology-mental-health/-/-/-/-/-
Public Health & Policy,https://graduate.northeastern.edu/programs/#/-/public-health-policy/-/-/-/-/-
Regulatory Affairs,https://graduate.northeastern.edu/programs/#/-/Health-Regulatory-Affairs/-/-/-/-/-
Science & Mathematics,https://graduate.northeastern.edu/programs/#/-/science-math/-/-/-/-/-
Boston,https://graduate.northeastern.edu/tour-campuses/boston/
Arlington,https://arlington.northeastern.edu
Charlotte,https://graduate.northeastern.edu/tour-campuses/charlotte/
San Francisco or Bay Area,https://graduate.northeastern.edu/tour-campuses/san-francisco-bay-area/
Seattle,https://graduate.northeastern.edu/tour-campuses/seattle/
Toronto,https://graduate.northeastern.edu/tour-campuses/toronto/
Vancouver,https://graduate.northeastern.edu/tour-campuses/vancouver/
All Campuses,https://graduate.northeastern.edu/our-campus-network/
Toronto,https://graduate.northeastern.edu/tour-campuses/toronto/
Northeastern’s Experiential Learning,https://graduate.northeastern.edu/why-northeastern/about-our-academics/experiential-learning/
Research,https://graduate.northeastern.edu/why-northeastern/about-our-academics/research/
Northeastern’s Industry-Aligned Faculty,https://graduate.northeastern.edu/why-northeastern/about-our-academics/industry-aligned-faculty/
Global Pathways Program,https://graduate.northeastern.edu/why-northeastern/about-our-academics/pathways/
Northeastern’s Doctoral Programs,https://graduate.northeastern.edu/why-northeastern/graduate-academic-options/doctoral-programs/
Master’s and Certificate Programs,https://graduate.northeastern.edu/why-northeastern/graduate-academic-options/masters-and-certificate-programs/
Lifetime Learning Membership,https://graduate.northeastern.edu/admissions-information/lifetimelearning/
"Research At Northeastern",https://graduate.northeastern.edu/why-northeastern/about-our-academics/research/
"Lifelong Learning",https://graduate.northeastern.edu/why-northeastern/about-our-academics/lifelong-learning-network/
Double Husky Scholarship,https://graduate.northeastern.edu/double-husky-scholarship/
Fellowship Opportunities,https://graduate.northeastern.edu/fellowship-opportunities/
Full-Circle Scholarship,https://graduate.northeastern.edu/full-circle-scholarship/
Military Yellow Ribbon,https://graduate.northeastern.edu/militaryyellow-ribbon/
Parent and Family Scholarship,https://graduate.northeastern.edu/parent-and-family-scholarship/
Regional Campus Scholarship,https://graduate.northeastern.edu/regional-campus-scholarship/
NU Edge Grant,https://graduate.northeastern.edu/nu-edge-grant/
African Students Access Scholarship,https://graduate.northeastern.edu/african-students-access-scholarship/
Financial Aid,https://graduate.northeastern.edu/admissions-information/financial-aid/
Applying as an International Student,https://graduate.northeastern.edu/admissions-information/how-to-apply/applying-as-an-international-student/
Application Process,https://graduate.northeastern.edu/admissions-information/how-to-apply/the-process/
Application Checklist,https://graduate.northeastern.edu/admissions-information/how-to-apply/the-process/
"Finance Your Education",https://graduate.northeastern.edu/admissions-information/financial-aid/
Student & Alumni Stories,https://graduate.northeastern.edu/resources/category/student-stories/
Grad School Success,https://graduate.northeastern.edu/resources/category/grad-school-success/
Online Learning,https://graduate.northeastern.edu/resources/category/online-learning/
Industry Advice,https://graduate.northeastern.edu/resources/category/industry-advice/
Career Advice,https://graduate.northeastern.edu/resources/category/career-advice/
Faculty Insights,https://graduate.northeastern.edu/resources/category/faculty-stories/
Event Calendar,https://graduate.northeastern.edu/events
Explore our PhD Programs,https://phd.northeastern.edu/program/
What Is Extreme Medicine,https://graduate.northeastern.edu/resources/what-is-extreme-medicine/
Industry Advice,https://graduate.northeastern.edu/resources/category/industry-advice/
Boston,https://graduate.northeastern.edu/tour-campuses/boston/
Charlotte,https://graduate.northeastern.edu/tour-campuses/charlotte/
London,https://www.nchlondon.ac.uk/about-us
Portland,https://roux.northeastern.edu/about/our-campus/
Seattle,https://graduate.northeastern.edu/tour-campuses/seattle/
San Francisco Bay Area,https://graduate.northeastern.edu/tour-campuses/san-francisco-bay-area/
Toronto,https://graduate.northeastern.edu/tour-campuses/toronto/
Vancouver,https://graduate.northeastern.edu/tour-campuses/vancouver/
View Programs,https://graduate.northeastern.edu/programs
"Lifelong Learning Network",https://graduate.northeastern.edu/why-northeastern/about-our-academics/lifelong-learning-network/
"PhD Programs",https://phd.northeastern.edu/program/
"Lifelong Learning Network",https://graduate.northeastern.edu/why-northeastern/about-our-academics/lifelong-learning-network/
"College of Arts, Media and Design",https://camd.northeastern.edu/
D'Amore-McKim School of Business,https://damore-mckim.northeastern.edu
Khoury College of Computer Sciences,https://www.khoury.northeastern.edu/
College of Engineering,https://coe.northeastern.edu/
Bouvé College of Health Sciences,https://bouve.northeastern.edu/
School of Law,https://law.northeastern.edu/
College of Professional Studies,https://cps.northeastern.edu
College of Science,https://cos.northeastern.edu/
College of Social Sciences and Humanities,https://cssh.northeastern.edu/
Arlington,https://arlington.northeastern.edu
Charlotte,https://charlotte.northeastern.edu/
London,https://www.nchlondon.ac.uk/
Miami,https://miami.northeastern.edu
Portland,https://roux.northeastern.edu/
Seattle,https://seattle.northeastern.edu/
Bay Area,https://bayarea.northeastern.edu/
Toronto,https://toronto.northeastern.edu/
Vancouver,https://vancouver.northeastern.edu/
Get Advice,https://graduate.northeastern.edu/get-advice/
Contact Information,https://graduate.northeastern.edu/contact-information/
State Authorization Statements,https://graduate.northeastern.edu/state-authorization-statements-and-complaint-resolution/
Industry Advice,https://graduate.northeastern.edu/resources/category/industry-advice/
What Is Disaster Medicine and Why Is It Important,https://graduate.northeastern.edu/resources/what-is-disaster-medicine/
Industry Advice,https://graduate.northeastern.edu/resources/category/industry-advice/
The Value of a Graduate Degree in the Social Sciences and Humanities,https://graduate.northeastern.edu/resources/the-value-of-a-graduate-degree-in-the-social-sciences-and-humanities/
"Career Advice & Advancement,",https://graduate.northeastern.edu/resources/category/career-advice/
Industry Advice,https://graduate.northeastern.edu/resources/category/industry-advice/
What to Look for in an Online College: A Guide,https://graduate.northeastern.edu/resources/what-to-look-for-in-an-online-college-featured/
Featured Category,https://graduate.northeastern.edu/resources/category/featured/
